Cluster,Recency,Frequency,Monetary,Count
0,45.43614280456386,3.034228928965771,1007.6701851306589,2717
1,240.15444015444015,1.501930501930502,441.87209555984555,1036
2,22.16888888888889,11.753333333333334,5342.571533333333,450
